id,order_id,agent_user_id
6715,188049,20773
5191,176219,47070
4367,167133,46908
4385,167219,46908
4431,167419,44736
4282,165358,46908
4281,165350,19311
2812,152271,18871
4293,165400,46908
4305,165489,46913
4316,165565,46913
4318,165601,19311
3278,155672,18871
3259,155474,43427
3269,155566,20282
3261,155481,43427
4271,165306,16781
4264,165273,16781
4329,166433,46913
4610,169141,11310
5196,176233,45342
4831,171654,44736
4332,166566,46913
3653,159660,52140
3267,155554,20773
3270,155568,20282
3274,155602,46913
4834,171676,22515
4839,171684,47070
5201,176257,45342
4841,171687,46943
3708,160510,20282
3754,160678,11310
3800,160908,16781
3656,159679,18871
3801,160909,46908
3774,160769,16781
3773,160763,11310
3679,159925,49026
3729,160595,20282
3803,160923,30836
3781,160802,11312
3757,160706,45342
3680,159926,49026
3793,160860,52140
3651,159633,44736
3509,158694,19311
3273,155601,16781
3059,154158,16781
3062,154402,20282
3571,159214,51496
3484,158220,19311
3478,158132,20773
3587,159276,19311
3496,158337,22515
3308,156845,19311
3396,157680,46908
3412,157739,51496
3419,157767,51496
3400,157688,46943
3428,157808,46908
3364,157505,30836
3358,157464,47067
3374,157578,51496
3369,157533,46943
3355,157455,19311
3387,157622,51496
3410,157734,22515
3377,157582,46943
3391,157649,22515
3482,158201,46913
3593,159290,44736
3625,159445,51496
6693,187921,16231
5611,179247,16781
3505,158594,20773
3489,158268,22515
2596,151251,18871
3277,155648,18871
6709,188017,46913
3514,158788,19311
3510,158747,43385
2597,151254,18871
3511,158769,43427
2620,151348,46943
3497,158361,46913
3649,159627,52140
4828,171617,44736
2606,151307,18871
3424,157778,20282
2607,151309,17205
3346,157427,37402
3515,158943,20282
3508,158656,22515
6631,187621,47070
4816,170951,19311
6698,187944,52138
3341,157410,18871
3638,159544,19311
5207,176306,45342
2659,151480,46908
3605,159352,46943
2660,151482,51496
4838,171683,47070
2624,151363,45342
2644,151433,49026
2699,151679,44736
2650,151455,22515
3628,159461,51496
2654,151467,16231
2679,151587,45342
2632,151395,43385
2695,151660,20282
2611,151323,17205
3812,161005,18871
2656,151472,19311
4826,171588,46908
6710,188034,20773
2645,151439,46943
2772,152074,16781
2636,151412,22515
4770,170716,47070
2726,151809,19311
2687,151630,45342
2630,151390,17205
2621,151350,18871
2719,151765,20282
2676,151568,46943
2667,151528,49026
2635,151410,37402
2690,151649,22515
2761,151986,20773
3283,155748,37402
2639,151423,16781
2686,151618,47067
2615,151339,20282
2693,151653,46908
2692,151652,17205
2711,151732,20282
4811,170806,51496
2628,151386,19311
2739,151888,51496
2734,151869,46908
2748,151931,20773
2671,151555,43385
2764,152013,17205
2744,151918,46908
2730,151827,51496
3572,159216,46908
2752,151942,19311
2749,151933,20282
4336,166863,20282
2753,151949,44742
2757,151979,20282
3555,159152,22515
2735,151876,20282
2733,151859,16781
2743,151917,44736
2751,151941,16781
3116,154730,20282
3084,154559,45342
3117,154738,18871
3113,154714,45342
3198,155123,16781
3693,160397,20282
2768,152054,46943
2776,152091,44742
2773,152081,20773
5202,176265,53060
4844,171696,44736
5208,176309,45342
3295,156410,18871
5893,181792,16231
3716,160541,47067
3767,160748,11312
3796,160879,18871
3778,160787,45342
3293,156392,22515
3218,155231,52140
3501,158414,43385
4846,171703,46908
5612,179255,20282
3292,156370,16781
3828,161091,44742
2774,152086,45342
3215,155217,52140
3297,156430,18871
3818,161045,45342
3629,159469,45342
3827,161082,44742
5210,176316,43316
2664,151521,37402
4847,171706,19311
2683,151603,11310
2643,151432,37402
2648,151445,45342
2633,151397,37402
2694,151658,18871
2703,151696,37402
2706,151711,43385
2672,151563,49026
2705,151708,17205
2714,151741,11312
2668,151534,17205
2718,151760,17205
2627,151377,17205
2725,151802,17205
4327,166246,19311
2756,151971,45342
2673,151564,17205
2765,152023,20282
2641,151428,17205
2750,151937,17205
3195,155109,47070
2802,152205,20282
2783,152117,20282
3298,156455,16781
2808,152248,19311
2782,152114,19311
2800,152199,51496
2788,152131,45342
2807,152246,11312
2795,152174,43385
2815,152301,47070
3180,155036,46943
2799,152189,20282
2828,152386,18871
4337,166879,20282
3661,159756,52140
5203,176275,45342
2801,152201,16781
4849,171721,46943
2833,152513,20773
4338,166880,20282
3289,156168,52140
2827,152373,16781
2794,152160,19311
3244,155365,46913
6695,187925,44742
2834,152533,11310
4851,171730,46943
5732,180051,43316
6707,188009,44742
2830,152404,20773
2805,152232,16781
2848,152739,43427
2837,152615,18871
2798,152188,20773
6696,187929,44742
5894,181797,52140
3203,155149,22515
4852,171745,19311
5744,180096,19311
5479,178192,53060
5910,182025,45342
2839,152663,11310
2825,152345,16781
4853,171750,47070
2819,152328,47070
5480,178193,17205
5626,179301,11310
3287,156079,43427
2842,152695,11310
3304,156548,52140
3518,158971,46908
2820,152332,18871
3780,160795,37402
3711,160521,20282
2821,152333,18871
2826,152352,47067
2843,152704,11310
2824,152344,44742
3650,159630,37402
5024,173973,30836
3666,159783,22515
3723,160572,44736
3816,161024,37402
3720,160562,20282
3665,159775,46908
2846,152723,11310
5747,180104,45342
3728,160592,11310
3840,161367,22515
3575,159227,20282
3580,159253,43427
3747,160647,20282
3566,159202,17205
2829,152395,37402
2849,152744,43427
5731,180048,22515
5630,179309,54689
5487,178217,53060
3675,159882,46913
3554,159140,18871
3681,159929,49026
5213,176370,20282
3533,159044,45342
3547,159119,45342
3541,159075,11312
3528,159010,46908
3309,156871,18871
4858,171804,46943
3527,159003,17205
3312,157102,20282
3534,159047,17205
4296,165413,44736
4295,165406,44736
3524,158995,18871
3678,159906,46913
3252,155435,16781
3253,155442,20282
5751,180109,54689
2605,151302,46908
2669,151538,16231
4840,171686,47070
2710,151730,19311
2715,151752,19311
2738,151886,44736
2653,151465,44736
2747,151923,30836
3535,159051,17205
3539,159070,17205
2877,153096,44736
2880,153104,51496
4346,167033,16781
3549,159127,17205
4304,165484,19311
3529,159029,45342
3542,159077,11312
2871,153085,45342
3841,161394,22515
4364,167109,43316
2860,153021,45342
2878,153097,19311
4341,166996,18871
4348,167037,37402
2904,153188,51496
2888,153139,46943
2881,153110,22515
2910,153201,22515
2906,153191,37402
4377,167177,18871
4832,171657,44736
3817,161032,37402
4835,171677,44736
4351,167054,46908
4355,167073,47067
4745,170585,52138
2876,153095,45342
4343,167004,18871
2886,153130,22515
4380,167181,53052
4374,167160,20282
2855,152975,46908
3315,157240,20282
2856,152987,47067
2896,153168,46943
2899,153179,20282
2905,153190,30836
2922,153244,20282
2903,153187,30836
2933,153270,37402
2916,153218,44736
4363,167104,43385
2859,153003,17205
4390,167244,53060
3829,161094,18871
2929,153257,51496
4370,167142,43316
3660,159746,46908
3821,161073,16781
2921,153243,46943
2637,151415,18871
2938,153295,16231
2917,153223,19311
4347,167035,44736
2655,151468,11312
2732,151846,17205
2640,151424,43427
4373,167158,46908
4850,171727,47070
4848,171712,44742
3317,157258,18871
3320,157296,16781
2851,152941,20282
2861,153025,46908
2852,152942,20282
2912,153205,19311
2897,153171,16781
2900,153182,20282
4859,171820,30836
2945,153310,37402
5486,178209,16231
3344,157417,17205
4860,171821,19311
2853,152944,46908
4861,171823,30836
2942,153302,46908
2863,153041,16781
2885,153125,45342
3370,157546,30836
2932,153264,20282
3450,157930,47070
2944,153305,11310
3389,157647,20282
3584,159265,22515
3397,157684,16781
3548,159123,51496
3434,157833,18871
4376,167171,16781
3383,157611,17205
2901,153183,22515
3348,157429,45342
3437,157851,37402
4382,167192,52138
3349,157434,37402
4386,167224,37402
3327,157345,45342
2952,153349,44736
3536,159056,18871
4384,167202,20282
3808,160947,45342
2967,153429,11310
3544,159100,17205
2902,153186,20282
3807,160945,11312
3433,157826,22515
3550,159130,46943
3537,159059,11310
3407,157723,17205
2720,151779,16781
2949,153335,49026
4419,167361,45342
4443,167493,53060
3784,160822,51496
3442,157879,46943
4473,167674,20773
3411,157736,20282
3435,157837,17205
3376,157581,37402
4477,167686,37402
3416,157757,16781
2958,153385,16231
5198,176241,54689
4401,167299,20282
3417,157759,43427
5635,179328,45342
3761,160722,11312
4399,167292,16781
3409,157729,46913
3762,160727,51496
2978,153488,18871
4391,167258,18871
3543,159085,18871
3819,161048,45342
3552,159134,44736
4862,171836,47070
3441,157870,18871
3448,157924,16781
3330,157359,20282
3581,159257,17205
3451,157937,16781
5492,178246,18871
2953,153351,37402
5500,178259,30836
4413,167335,53052
4428,167411,16781
2950,153338,51496
2961,153400,19311
4395,167273,53052
2962,153402,11310
2982,153514,37402
2964,153414,11310
4418,167355,18871
4424,167388,37402
4429,167412,43385
4447,167530,46913
4795,170764,50780
4421,167371,18871
4426,167400,19311
4446,167506,19311
4396,167281,20282
2968,153444,20282
2976,153486,11312
4445,167500,20282
4405,167306,46908
4870,171868,19311
2831,152477,20773
2974,153479,20282
2780,152111,46913
2957,153381,37402
2785,152122,20773
2918,153224,22515
2927,153250,30836
4423,167387,16781
2969,153450,51496
4438,167467,30836
4868,171862,44742
2983,153518,16231
4454,167579,53052
4869,171863,51496
4952,173467,18871
5755,180118,17205
5501,178260,16781
4430,167415,37402
3008,153658,43427
3004,153644,17205
2996,153601,20282
2995,153600,44742
4441,167485,16781
4433,167436,18871
2997,153602,16781
3010,153661,16781
5756,180119,45342
4465,167645,46943
4471,167671,44736
4467,167653,43316
4436,167454,46943
5502,178263,52138
3463,158027,18871
4453,167569,18871
3022,153759,16781
3455,157975,17205
3020,153743,19311
3331,157373,45342
4450,167548,20282
3024,153765,17205
3464,158028,45342
3345,157420,18871
4444,167498,43427
5496,178253,30836
4872,171880,46913
5503,178266,51496
5888,181764,46913
4877,171939,47353
4448,167540,18871
3026,153771,18871
3371,157547,45342
3030,153787,20773
3043,153882,16781
5497,178255,30836
5752,180110,47070
3037,153862,43427
3042,153881,49026
4456,167584,53060
3036,153850,17205
5491,178244,30836
3343,157413,20282
4458,167592,19311
4878,171953,47353
3438,157860,11310
4464,167631,11310
4461,167624,46913
5505,178270,52140
5639,179344,45342
4475,167679,18871
5506,178271,37402
5783,180203,16781
4474,167678,44736
5905,181906,30836
5760,180130,37402
5763,180134,54689
5637,179336,54689
5641,179358,19311
5896,181816,30836
5906,181908,30836
5784,180207,16781
3044,153884,49026
3041,153878,49026
3336,157395,43385
3360,157474,17205
3342,157412,45342
3431,157823,18871
6673,187807,22515
3038,153871,17205
3049,153929,17205
3046,153899,49026
3445,157892,43427
3481,158183,46908
3480,158158,20773
3420,157768,46943
4357,167079,47067
4360,167085,46943
3380,157594,16781
4369,167136,52138
4383,167195,47067
3414,157745,47070
4403,167301,47070
3585,159273,18871
3378,157587,22515
3551,159131,11312
3337,157401,46908
3058,154143,16781
4402,167300,47067
4409,167317,46908
3340,157408,46913
4414,167336,30836
3060,154167,16781
3053,153970,16781
3768,160751,11310
5762,180133,18871
3048,153910,16781
3499,158397,18871
3459,158002,45342
3468,158044,20282
3462,158016,11312
3471,158070,20773
3469,158045,37402
3764,160741,11310
6674,187808,44742
5643,179362,53060
6685,187858,44742
4482,167706,43316
5508,178280,52140
3582,159260,37402
3057,154109,16781
3470,158046,20282
3553,159138,45342
4497,167799,46913
4491,167756,37402
5025,174232,46913
5512,178287,45342
5510,178284,54689
3457,157994,46908
4494,167765,20773
4501,167812,43385
4485,167720,46943
4486,167722,46913
3067,154443,20282
3069,154449,46908
3458,157996,45342
4487,167723,43316
4495,167783,17205
3064,154425,43427
3586,159275,30836
3475,158126,22515
5509,178282,19311
3079,154504,45342
3733,160606,44736
3590,159281,43427
3736,160620,46908
3694,160400,46908
3594,159295,22515
3699,160447,45342
3071,154462,45342
3850,161647,19311
3591,159285,45342
3498,158366,47067
3598,159307,18871
3608,159362,20282
3592,159287,45342
3618,159398,46943
3075,154478,45342
5523,178366,19311
3782,160803,18871
3080,154540,44736
4500,167811,20773
4502,167817,19311
3074,154472,20282
4508,167860,11310
4509,167861,11310
3597,159305,20282
3632,159490,20282
3619,159406,20282
4359,167083,43316
4432,167420,20282
4404,167304,18871
4504,167830,37402
4513,167920,22515
3476,158128,11310
3615,159394,46943
4520,167965,16231
3601,159319,45342
4514,167929,37402
3701,160450,45342
3630,159482,16781
3595,159299,47067
4519,167958,22515
4522,167978,37402
3611,159372,51496
3771,160759,43385
3839,161322,16781
4515,167936,43427
5019,173745,46913
3105,154682,20282
3110,154701,17205
3123,154774,44736
3164,154944,37402
3134,154837,17205
3121,154762,45342
3093,154619,16781
3135,154838,37402
3096,154630,17205
3122,154767,17205
3130,154813,37402
3087,154582,20282
3152,154908,51496
3155,154917,51496
3627,159459,18871
3104,154671,16781
3613,159374,45342
3647,159607,20282
3156,154921,19311
3157,154923,19311
3097,154634,20282
3602,159323,46943
3094,154623,16781
4525,168001,11310
3158,154925,19311
3100,154646,16781
3486,158256,20282
3090,154609,11310
3148,154903,51496
3098,154641,45342
3147,154897,19311
3091,154611,19311
3640,159551,37402
3620,159409,37402
3099,154643,43385
3153,154909,44736
4529,168010,11310
3168,154969,45342
3160,154928,17205
6628,187612,19311
3639,159549,47067
3082,154551,46908
3725,160583,45342
3494,158331,47070
3579,159250,43427
3174,155009,47070
3737,160622,49026
3707,160483,44736
3735,160615,20282
3197,155120,45342
3234,155303,45444
2989,153566,44742
3006,153650,16231
3161,154933,19311
3154,154916,22515
3710,160517,44736
3753,160676,18871
3718,160557,20282
3744,160639,43385
3746,160646,45342
3182,155046,20282
3219,155233,43427
3637,159539,11310
3163,154939,51496
3169,154985,46943
3673,159846,37402
3217,155222,46913
3221,155244,30836
3170,154987,19311
5003,173640,46913
4999,173625,20773
3838,161310,16781
3226,155261,45342
3246,155383,37402
3788,160832,37402
3732,160599,46908
3183,155052,17205
3249,155425,11312
3787,160830,43385
3785,160823,20282
3709,160512,18871
3790,160840,11312
3247,155392,16781
3233,155302,37402
3200,155135,45342
3321,157304,16781
3328,157357,45342
3181,155037,20282
3427,157798,20282
3239,155338,16781
3212,155203,37402
3208,155168,37402
3179,155028,45342
3201,155142,45342
3214,155214,30836
3205,155156,51496
3251,155429,18871
3173,155003,37402
3453,157957,17205
3176,155013,47070
3231,155297,47067
3238,155326,18871
3436,157850,11312
3418,157764,17205
3029,153781,47067
3229,155293,30836
3018,153736,47070
3033,153815,44742
4534,168347,22515
5517,178342,52138
3061,154401,46908
5797,180251,30836
5798,180255,17205
5770,180161,43385
4533,168169,43427
5524,178371,45342
5520,178352,17205
5029,174397,46913
5767,180147,46943
3115,154723,46943
3112,154710,44736
3095,154625,44736
3109,154694,20773
3120,154753,46943
3144,154881,46943
3111,154709,22515
3178,155023,51496
3222,155245,20773
3132,154826,46943
3118,154743,46908
4536,168382,43385
3745,160645,51496
3724,160577,22515
3674,159876,22515
5042,174482,20773
5796,180249,20282
5646,179390,30836
5043,174487,46913
5801,180264,20282
5218,176696,43385
5647,179394,30836
5217,176640,11310
3604,159336,20282
3852,161823,43427
3854,161888,49026
4388,167234,44736
3698,160436,18871
3749,160651,22515
3742,160632,44736
6677,187827,46908
3770,160758,22515
3871,162121,52140
3861,162022,44736
3865,162081,17205
3868,162111,18871
3381,157601,18871
3867,162099,16781
4451,167554,19311
3766,160746,43427
3880,162164,17205
3872,162122,51496
5032,174446,30836
5392,177491,16231
5409,177706,44742
5397,177526,51496
5382,177440,46913
3703,160460,18871
5383,177445,16231
3887,162196,18871
3886,162182,20282
3883,162174,20282
3890,162218,37402
3884,162178,47067
3888,162202,20282
3885,162181,17205
5048,174834,20282
5413,177884,44736
3893,162242,37402
4564,168822,17205
3892,162231,17205
3891,162221,17205
4537,168609,17205
4555,168749,17205
5034,174453,30836
4560,168785,37402
4540,168635,46913
5802,180268,30836
5807,180290,30836
4548,168733,18871
5650,179413,52138
5220,176900,46908
5035,174455,30836
5045,174675,46913
4551,168738,18871
4545,168693,17205
4573,168873,53060
4587,168963,47067
3899,162308,37402
4574,168874,43427
3900,162314,17205
3902,162363,16781
5038,174459,46913
4542,168645,18871
4544,168688,43316
5039,174461,46913
5530,178401,18871
5529,178397,50780
3904,162386,37402
5789,180230,20282
4552,168742,16781
4563,168820,16781
5060,175258,18871
5651,179416,30836
5531,178422,54689
5098,175885,11310
4539,168633,11312
4558,168779,17205
5536,178479,19311
5526,178376,45342
5772,180166,52140
4575,168881,43316
5062,175301,30836
5051,175150,43427
5791,180232,18871
5535,178453,47070
5469,178145,11310
5056,175221,20282
5063,175303,46913
5064,175304,30836
4585,168951,16781
5224,176940,18871
4541,168636,17205
5222,176928,46908
3039,153873,16781
4565,168828,16781
4586,168960,18871
3146,154889,16781
4547,168732,43316
4576,168898,37402
5527,178384,51496
5225,176943,46908
5793,180234,20282
5862,180606,46913
5050,175117,20282
5066,175308,20282
4550,168737,37402
4572,168872,17205
4566,168832,43316
3907,162452,18871
4549,168734,46913
4583,168946,53052
3913,162527,17205
3848,161574,52140
3810,160982,44742
3820,161049,22515
3825,161078,44742
3851,161700,47070
3832,161127,44742
3835,161167,19311
3846,161515,22515
3858,162007,44736
3856,161962,44736
3901,162346,19311
3915,162533,18871
5049,175107,20282
5229,176955,16781
3920,162574,29351
5230,176957,44736
4896,172617,46943
5808,180295,11310
5779,180186,54689
5794,180242,30836
4622,169248,43316
4517,167946,18871
4526,168004,18871
4888,172556,46908
4618,169217,18871
4891,172577,44736
4881,172100,47070
4569,168843,37402
4607,169110,43316
4512,167878,37402
5067,175318,46913
4621,169230,16781
3929,162604,18871
3927,162596,30836
4902,172665,44736
4623,169251,11310
4619,169219,43316
3982,163023,46913
3964,162916,44736
3960,162896,30836
4606,169097,47070
4608,169117,18871
4615,169192,16781
4634,169657,49026
4632,169642,11310
4589,168972,17205
3978,163011,46908
3940,162694,44736
3961,162905,43427
4593,168995,17205
3943,162730,20773
4631,169636,49026
4625,169273,18871
4616,169196,19311
4636,169668,11310
4609,169139,16781
4594,168999,16781
4602,169025,53052
4897,172638,22515
5287,177119,51496
5254,177027,50780
5247,177004,16781
5810,180298,46908
3945,162745,19311
5283,177106,20282
3941,162723,52140
5547,178568,20282
5232,176965,19311
5299,177145,16781
5539,178515,18871
4493,167762,19311
3953,162847,16231
3939,162690,46943
4629,169501,52140
4595,169007,17205
4627,169386,52140
5249,177010,45342
4889,172572,46908
5255,177031,45342
4596,169010,20773
4510,167862,46913
4521,167975,19311
3951,162825,46943
5302,177162,37402
5316,177206,45342
5286,177116,16781
5317,177208,17205
3965,162918,46943
5304,177177,37402
5305,177182,46943
3962,162909,37402
3952,162843,30836
3976,163003,11310
3981,163021,11310
5233,176969,16781
5777,180182,43316
5318,177209,37402
5256,177034,19311
5778,180183,19311
3909,162463,43385
3984,163061,11312
3912,162480,37402
3911,162472,18871
5306,177183,46943
5553,178590,51496
5288,177120,53060
5250,177016,37402
4605,169072,18871
5541,178526,51496
5234,176973,37402
5309,177189,30836
3063,154408,46908
3987,163119,46913
4893,172600,46908
4911,172868,49026
4528,168006,46913
5814,180309,30836
5816,180322,45342
5815,180318,30836
5817,180327,37402
5285,177112,45342
5483,178201,45342
5322,177227,54689
5070,175403,18871
5634,179326,43316
5600,179225,45342
5605,179234,20282
5513,178302,20282
5633,179324,53052
5601,179226,54689
5498,178256,17205
5311,177194,53060
5519,178350,18871
5312,177195,47070
5253,177026,50780
5236,176979,43316
5466,178137,53060
5474,178167,43427
5464,178132,43316
5310,177190,54689
5555,178607,18871
5324,177234,30836
5559,178633,45342
5822,180340,20282
5369,177391,17205
5818,180330,20282
5330,177256,17205
5295,177136,18871
4863,171838,19311
5321,177221,30836
5551,178579,51496
5655,179443,52138
5823,180343,22515
5690,179554,43316
5734,180063,54689
5741,180082,43316
5549,178574,46913
4917,173287,46908
3995,163508,20282
3996,163515,20282
3992,163495,20282
4000,163531,20282
3994,163507,20282
4014,163577,17205
4015,163580,20282
4007,163567,46908
4006,163566,18871
4002,163549,20282
5181,176183,20773
4991,173598,16231
4045,163721,52138
4018,163595,18871
4907,172838,46913
5094,175874,45342
5239,176987,45342
4021,163608,11310
5072,175532,22515
5076,175785,45342
4034,163681,44742
5238,176985,22515
5642,179361,54689
5675,179519,45342
5261,177056,46943
5764,180135,43427
5746,180102,43316
5765,180145,53052
5754,180113,53052
5668,179501,43316
5293,177130,51496
4065,163763,19311
5660,179459,16231
5657,179450,43316
5663,179476,17205
4053,163738,22515
5550,178577,53060
5676,179521,45342
5659,179457,45342
4041,163703,44736
4038,163694,16781
5058,175254,18871
4050,163731,16781
5262,177059,52140
4028,163647,18871
5829,180360,45342
5826,180354,11310
5828,180357,43316
5082,175817,52140
5263,177060,45342
5649,179407,16231
4037,163691,19311
4024,163629,37402
5370,177404,17205
5073,175651,17205
5569,178724,45342
4035,163682,43427
4052,163737,37402
4068,163773,20282
4040,163699,37402
4058,163750,20282
5565,178673,47070
5335,177276,44744
5244,176996,37402
5361,177373,45342
4060,163755,37402
4079,163827,20282
4092,163869,16781
5245,176997,45342
3906,162431,43427
5556,178619,51496
5562,178649,50780
4073,163792,18871
4090,163866,46943
3866,162094,20282
5373,177409,54689
5264,177064,20282
5670,179508,45342
4096,163899,44736
5185,176204,53060
5567,178711,50780
5193,176224,53060
5356,177355,47070
4643,170040,16781
4647,170064,46943
5246,177000,46943
5680,179527,19311
5332,177270,43316
4093,163874,20282
4410,167318,37402
5354,177352,17205
5375,177413,54689
4639,170009,20282
4919,173320,46908
4918,173319,22515
4416,167341,16781
4650,170102,46943
4649,170085,44736
5572,178762,50780
4644,170045,17205
5078,175800,44736
4099,163907,43427
4645,170052,22515
5697,179599,45342
4667,170192,20282
4661,170162,16781
5360,177368,45342
5350,177330,46913
5085,175829,37402
5364,177381,53052
5351,177331,54689
4638,169997,53052
5568,178716,45342
5691,179568,50780
5665,179484,20773
5187,176208,20773
5365,177382,45342
5080,175803,46908
5195,176231,47070
5189,176212,19311
5267,177073,50780
4646,170057,44736
4641,170017,11310
5339,177287,30836
5184,176195,44744
4707,170389,17205
4680,170243,22515
4741,170558,17205
4723,170464,54689
5366,177384,44742
4098,163906,52138
4686,170280,30836
4743,170576,17205
4685,170272,47067
4683,170263,20282
4766,170709,50780
4755,170665,20282
4681,170250,17205
5240,176988,19311
4101,163913,46908
4111,163948,37402
4104,163919,18871
4116,163965,30836
4112,163953,37402
4102,163914,43427
4103,163915,18871
4109,163944,37402
4702,170358,43316
4115,163962,37402
4118,163981,18871
4714,170422,53052
5340,177292,30836
4144,164127,46943
4692,170294,22515
4800,170784,51496
4676,170238,43316
4738,170554,53052
4122,163994,46913
5270,177079,20282
4726,170481,19311
5101,175899,53052
4688,170289,20282
5341,177293,30836
4717,170439,37402
4691,170293,11310
4146,164135,30836
4133,164058,20773
4125,163998,20773
4653,170119,16781
4677,170239,37402
4708,170391,20282
3936,162638,20773
3924,162587,51496
3931,162614,51496
3937,162649,51496
3934,162629,51496
3973,162972,46943
3932,162619,46908
3949,162798,46913
4698,170333,52140
4662,170170,46913
5273,177083,50780
4735,170530,20773
5682,179532,44742
4715,170425,20282
4668,170197,44736
4138,164089,20773
4660,170156,43316
4704,170367,30836
4719,170447,20282
4718,170444,22515
5087,175841,43316
4132,164049,47070
4130,164040,52140
4729,170496,53052
5342,177298,17205
5102,175905,43316
4135,164069,16781
5376,177422,50780
4673,170229,44742
4696,170324,11310
5694,179572,50780
4693,170301,37402
4700,170350,47070
5683,179533,43316
5831,180374,54689
5833,180390,20282
5666,179489,51496
4684,170265,16781
3974,162986,16231
3963,162915,46908
3970,162940,46943
3991,163375,20773
4059,163752,46943
4003,163554,19311
4061,163756,51496
4008,163568,46908
4011,163571,46908
4016,163588,46908
4005,163560,19311
4069,163775,44736
4113,163957,16231
4108,163940,22515
4078,163818,19311
4077,163813,44742
4076,163803,22515
4080,163828,52140
4082,163835,46913
4150,164160,37402
4153,164183,30836
4154,164184,16781
4705,170377,17205
4711,170401,30836
4129,164029,46908
5104,175908,44742
4151,164174,20282
5377,177423,46913
5903,181896,20282
5578,178900,43427
5105,175909,43316
5832,180378,45342
5395,177522,51496
5685,179536,50780
5379,177426,20773
5687,179538,50780
4721,170461,53052
4771,170720,50780
5387,177471,18871
5839,180428,20282
5406,177565,22515
5566,178697,46913
5837,180413,43385
4157,164216,16781
4156,164208,46913
5408,177704,49026
5117,175950,51496
5840,180429,45342
5343,177305,54689
4727,170485,17205
5115,175944,43385
4158,164225,44742
4162,164258,52140
4160,164244,16781
4166,164302,11310
4126,164012,20282
4168,164310,52140
4171,164394,18871
4169,164345,43427
4170,164390,43427
4177,164548,47067
4663,170181,46943
4682,170252,46913
4176,164481,47067
4179,164550,18871
4173,164421,43427
4174,164462,20282
4675,170237,46943
4182,164632,43385
4763,170693,49026
4760,170678,20282
4184,164663,43427
4752,170642,53052
4772,170722,50780
4764,170698,17205
3972,162971,46908
4012,163572,46908
4779,170730,50780
4768,170713,50780
4774,170724,50780
4746,170596,46913
4759,170674,54689
4056,163747,47067
5128,176008,53052
4767,170712,50780
4769,170715,50780
4739,170555,16231
4748,170604,17205
4119,163982,52138
4195,164878,43427
4753,170655,54689
4806,170795,53060
4761,170688,54689
4207,164953,18871
4765,170707,52138
4797,170774,54689
4744,170581,53052
5129,176009,18871
4782,170736,47070
5123,175987,45342
5699,179652,52140
4751,170614,54689
4783,170737,50780
5111,175928,37402
5089,175857,45342
5381,177433,20773
5124,175988,43316
4193,164872,47067
4204,164944,44742
5090,175859,49026
5125,175991,46943
4075,163795,51496
3977,163005,44736
5131,176014,20282
4189,164835,16781
4957,173494,16781
4198,164923,18871
4787,170749,50780
4920,173335,44736
4930,173359,44736
4965,173515,37402
5091,175862,49026
4190,164853,20282
4196,164880,46943
4821,171191,18871
3968,162937,30836
4931,173360,46908
4934,173395,37402
5114,175943,54689
5472,178161,17205
4967,173518,20282
5411,177804,43427
5573,178800,30836
4217,165028,43427
5092,175865,43316
5347,177316,16231
5119,175959,53052
4953,173471,16231
4214,165007,46943
4223,165069,46908
5400,177536,53060
4786,170747,50780
4796,170765,50780
5437,178006,45342
4922,173343,50780
5434,177992,45342
5439,178011,20282
4220,165053,46913
4962,173508,43385
4923,173345,50780
5426,177974,45342
5441,178021,18871
5112,175936,43316
5841,180453,45342
5120,175976,53060
4950,173463,50780
4820,171160,19311
5688,179548,16781
5093,175869,49026
5401,177539,30836
5393,177504,19311
5471,178160,53060
5689,179549,19311
4937,173406,16781
5438,178010,54689
4947,173460,50780
4941,173419,44736
5428,177976,20282
4813,170830,17205
4793,170762,50780
4958,173496,18871
4948,173461,50780
5402,177541,30836
4933,173383,37402
4926,173349,50780
5122,175980,16231
5430,177978,45342
4927,173350,50780
4219,165043,51496
5470,178152,11310
5421,177965,43316
5384,177449,50780
5467,178141,11310
4798,170776,50780
4942,173423,16781
5851,180535,20282
5442,178038,16781
5856,180551,16781
4227,165081,44736
4222,165056,18871
4233,165104,53060
4822,171264,52140
5855,180545,16781
5433,177984,45342
5423,177968,43427
4825,171373,20282
4973,173540,18871
5424,177970,43316
5414,177895,20282
5136,176040,45342
4263,165271,46943
4959,173498,16231
5858,180574,16781
5848,180512,16781
5843,180475,43385
4801,170785,16781
4960,173502,46913
5859,180581,16781
5708,179929,46908
5585,179161,44736
5586,179165,46908
5452,178072,17205
4804,170792,50780
5865,180643,19311
4805,170793,50780
5846,180500,52140
5869,180731,20282
4914,173097,47070
4963,173511,37402
5583,179139,46908
5417,177951,46908
4981,173567,18871
4984,173576,18871
5013,173691,30836
5014,173692,30836
4275,165320,46913
5143,176052,53052
4269,165299,20282
4276,165331,16231
4978,173561,44742
4267,165286,53060
5581,179119,37402
4279,165338,16781
4278,165337,44736
4989,173591,20282
4994,173611,20282
4982,173569,16781
5141,176048,43316
5015,173694,30836
5614,179259,16781
4964,173514,16781
4995,173612,16231
4979,173562,20282
4974,173554,45342
5485,178206,16781
5870,180734,46908
5872,180805,16781
4983,173575,20282
5016,173696,30836
5407,177648,44742
4996,173614,20282
5582,179122,20282
4990,173593,16781
4987,173583,47070
5155,176082,19311
5875,180851,22515
5088,175844,22515
5103,175906,46908
5866,180670,46913
5453,178082,16781
5446,178058,20282
5165,176111,30836
5157,176086,53052
5169,176127,20773
5416,177908,20282
5717,179974,46908
5447,178059,37402
5721,179993,43316
5146,176057,20773
5589,179179,45342
5006,173650,44742
5897,181824,30836
5160,176093,43385
5804,180273,37402
5590,179180,44736
5786,180211,45342
4289,165389,16781
4287,165381,19311
4288,165382,53060
4272,165307,19311
4286,165370,44736
3894,162246,20282
5147,176060,46943
4291,165395,46943
5153,176071,18871
4299,165456,11312
4306,165492,43427
4300,165466,18871
5711,179950,46908
5166,176116,20282
5148,176062,53052
5591,179183,45342
5484,178205,43316
5162,176096,45342
5712,179960,50780
5713,179961,50780
4307,165496,53052
5172,176140,37402
5702,179683,16781
5891,181782,16231
5908,181980,11310
5878,181007,18871
4308,165498,43427
5700,179658,19311
5715,179963,50780
5881,181084,43427
5174,176143,45342
5150,176068,46908
4155,164191,20773
5168,176122,37402
4312,165511,53052
4141,164114,46943
5151,176069,51496
5002,173635,16231
4181,164610,22515
5007,173665,16231
4226,165076,22515
5008,173666,16231
4201,164935,47067
4208,164961,22515
4212,164986,22515
4824,171315,11310
4235,165112,46908
4203,164942,51496
4231,165092,46908
4229,165088,51496
4200,164932,16231
4254,165200,46943
4241,165135,52138
4253,165189,46943
4255,165203,19311
4252,165183,44736
4257,165223,44742
4250,165176,44742
4242,165137,51496
5457,178102,46908
4314,165545,43427
5860,180597,47070
5857,180570,20773
5867,180676,46913
5880,181068,18871
5177,176154,20282
5009,173673,44742
5460,178122,22515
5595,179213,22515
5654,179438,18871
4319,165619,46908
5180,176173,53060
5722,180012,20282
5596,179214,43316
5882,181106,47070
5597,179215,20282
5459,178114,37402
4320,165667,18871
5864,180633,45342
5461,178127,45342
4270,165304,18871
5462,178130,37402
5178,176163,53060
4185,164697,19311
5463,178131,11310
5914,182104,16781
5918,182174,20773
5917,182144,20773
5919,182176,16781
5926,182483,43427
5928,182600,20282
5803,180269,18871
3603,159334,16781
5942,182768,18871
5943,182778,37402
5854,180541,50780
5965,182848,53060
5956,182828,53052
5960,182837,54689
5951,182811,37402
5966,182852,37402
5958,182833,20282
5959,182836,18871
5946,182788,20282
5967,182860,49026
5968,182864,43316
5983,182908,22515
5985,182910,22515
5989,182921,43385
5973,182885,37402
5978,182900,16231
5971,182877,18871
5988,182920,44736
5972,182882,49026
5998,182949,53052
5979,182901,43316
6006,182983,43427
6002,182971,43316
5991,182935,54689
6004,182977,53052
6001,182961,54689
6007,182993,54689
6009,183000,46913
6018,183032,30836
6010,183007,37402
6013,183018,46913
6023,183054,30836
6030,183073,30836
6024,183055,43427
6034,183087,20282
6016,183029,53060
6022,183050,20282
6042,183107,43427
5901,181890,46913
5923,182379,19311
5925,182482,46908
5948,182795,44736
5944,182779,19311
6049,183118,22515
5984,182909,22515
5982,182907,22515
6046,183115,20282
6045,183114,53060
5957,182830,46908
5990,182931,16231
5962,182842,44736
6000,182955,22515
5974,182895,46908
3545,159116,11312
3322,157312,16781
6054,183150,53060
6059,183164,45342
6055,183151,16781
3809,160974,11312
6064,183196,16781
6065,183200,51496
6079,183271,54689
6077,183258,16781
6075,183251,16781
6067,183216,54689
6082,183282,53052
6084,183285,16781
6092,183313,50780
6089,183298,18871
2868,153065,51496
6103,183470,30836
6106,183485,30836
6108,183492,16781
6104,183471,18871
6115,183619,49026
6119,183640,50780
6118,183630,49026
6113,183600,16781
6125,183664,18871
6127,183766,52140
6130,183802,18871
6137,183926,17205
6139,183977,20282
6141,184003,20282
6143,184011,52140
6153,184064,43385
6145,184020,11310
6157,184077,43385
6150,184046,45342
6156,184071,18871
6168,184141,43385
6173,184215,43427
6172,184180,43427
6180,184331,11310
5987,182912,46908
6182,184651,43316
5912,182063,22515
6193,184766,45342
6194,184769,53060
6187,184728,20282
6189,184741,20282
6191,184757,45342
6185,184711,17205
6201,184793,16781
6202,184796,43316
6199,184782,52140
6217,184858,45342
6198,184780,17205
6218,184860,20282
6205,184815,17205
6215,184853,53052
6025,183056,46913
6224,184874,43316
6222,184870,53060
6223,184873,45342
6246,184960,20282
6245,184958,20282
6216,184855,46908
6243,184945,53060
6249,184969,43316
6252,184979,44736
6037,183095,46913
6236,184917,45342
6229,184892,17205
6036,183089,46943
6250,184973,22515
6040,183104,46943
6239,184927,20282
6233,184905,17205
6231,184896,22515
6070,183233,22515
6071,183239,22515
6069,183227,46913
6101,183432,22515
6105,183483,52140
6124,183654,47353
6133,183895,52140
6146,184021,52140
6135,183899,52140
6167,184122,52140
6149,184026,52140
6159,184089,20773
6177,184271,52140
6170,184172,47070
6169,184171,47070
6171,184173,47070
6181,184390,46913
6204,184814,22515
6206,184822,46908
6257,185002,47070
6207,184823,44736
6211,184834,22515
6266,185074,20282
6274,185100,16231
6267,185078,47070
6270,185083,43316
6268,185080,19311
6287,185144,30836
6278,185120,16231
6284,185138,47070
6291,185156,19311
6296,185183,45342
6299,185189,30836
6294,185174,54689
6310,185236,44742
6302,185198,50780
6303,185200,30836
6305,185208,16231
6301,185194,46913
6320,185272,52138
6326,185315,22515
6328,185322,22515
6324,185303,52140
6330,185324,46913
6342,185411,46913
6344,185427,16231
6367,185970,22515
6020,183042,22515
6174,184235,19311
6076,183257,16231
6080,183273,46908
6078,183262,44736
6370,186137,16231
6371,186138,46908
6376,186158,44736
6379,186191,44736
6381,186198,20282
6390,186262,43427
6383,186220,19311
6389,186244,46913
6387,186230,37402
6409,186317,45342
6392,186266,46908
6391,186265,44736
6400,186290,46913
6404,186307,52138
6407,186312,46908
6403,186300,16231
6420,186365,18871
6428,186408,53060
6430,186412,52138
6269,185082,45342
6273,185099,16781
6440,186432,17205
6431,186413,46908
6271,185084,18871
6277,185112,54689
6280,185124,11310
6432,186415,54689
6259,185013,43316
6438,186429,19311
6263,185030,45342
6340,185401,50780
6288,185145,18871
6337,185382,18871
6304,185204,18871
6314,185246,18871
6289,185147,16781
6318,185263,50780
6357,185542,43427
6365,185959,50780
6393,186268,18871
6374,186151,18871
6364,185940,43427
6399,186280,45342
6427,186402,43316
6421,186373,37402
6413,186323,43427
6414,186334,37402
6435,186424,37402
6424,186392,45342
6408,186313,18871
6402,186298,43427
6412,186321,18871
6464,186495,30836
6441,186440,53052
6446,186449,52138
6465,186501,30836
6445,186447,30836
6450,186464,16231
6452,186466,30836
6460,186487,30836
6467,186507,30836
6459,186486,20282
6443,186445,47070
6448,186461,22515
6454,186468,46943
6471,186522,46943
6473,186536,50780
6476,186544,17205
6477,186545,53060
6479,186552,45342
6497,186643,45342
6481,186555,47070
6494,186615,46943
6483,186563,47070
6485,186576,46913
6486,186578,46943
6489,186596,45342
6488,186582,44742
6499,186649,44742
6501,186663,16781
6502,186666,45342
6254,184991,22515
6253,184983,44736
6345,185441,22515
6338,185390,46913
6347,185453,20773
6358,185630,52140
6359,185633,44742
6360,185799,22515
6417,186346,16231
6419,186363,44742
6426,186398,44742
6425,186397,22515
6415,186338,16231
6507,186679,20282
6505,186674,49026
6524,186754,46913
6508,186683,45342
6527,186778,47070
6529,186783,47070
6530,186787,47070
6538,186856,50780
6536,186851,20282
6556,186960,22515
6394,186269,53060
6348,185460,46913
6373,186144,22515
6350,185464,20773
6306,185218,16781
6336,185381,16781
6312,185241,53060
6574,187409,19311
6580,187429,46908
6584,187446,22515
6368,186122,16781
6579,187427,19311
6606,187519,54689
6602,187509,45342
6597,187492,43427
6591,187475,43316
6568,187120,11310
6618,187577,54689
6619,187583,53052
6640,187665,18871
6623,187605,54689
6624,187606,53052
6635,187647,53052
6633,187629,37402
6637,187656,18871
6627,187611,45342
6625,187607,20282
6638,187661,18871
6629,187618,43316
6645,187687,37402
6647,187710,20282
6653,187726,18871
6650,187717,45342
6646,187688,46908
6644,187684,45342
6660,187751,30836
6518,186722,16781
6512,186693,43316
6649,187716,30694
6515,186700,20282
6469,186510,45342
6513,186695,49026
6444,186446,54689
6451,186465,17205
6491,186603,18871
6456,186471,53052
6526,186770,18871
6525,186762,37402
6550,186894,18871
6548,186881,18871
6534,186845,20282
6547,186880,50780
6559,186982,43427
6554,186929,16781
6569,187126,11310
6557,186966,18871
6564,187094,11310
6576,187417,30694
6578,187421,43316
6586,187450,37402
6587,187455,45342
6590,187464,43316
6603,187511,43316
6615,187558,18871
6613,187547,45342
6599,187495,37402
6617,187570,45342
6608,187526,45342
6611,187532,53052
6656,187736,30836
6560,186998,44742
6663,187763,30836
6610,187528,22515
6581,187433,52138
6607,187524,46913
6667,187781,37402
6669,187787,30836
6672,187799,30836
6680,187844,20282
6683,187851,20282
6675,187817,16781
6686,187868,47070
6655,187734,20282
6690,187894,20282
6697,187936,20282
6701,187974,11310
6714,188046,16781
6705,188001,49026
6703,187981,11310
6702,187978,11310
6717,188054,16781
6727,188143,16781
6722,188093,50780
6730,188272,16781
6731,188292,16781
6732,188337,43427
6523,186750,45342
6516,186716,20282
6514,186696,45342
6734,188419,20282
6565,187096,11310
6519,186724,20282
6470,186513,20282
6406,186310,53052
4043,163718,44742
2980,153497,20282
5349,177322,16231
5001,173632,46913
5776,180177,43316
3670,159821,51496
6621,187598,22515
5212,176326,44744
2893,153161,30836
5328,177247,16231
6213,184844,54689
2759,151982,17205
5714,179962,50780
5274,177084,50780
5272,177082,50780
6411,186320,54689
3243,155361,47067
4449,167541,30836
3954,162852,52140
5648,179401,52138
3878,162135,16231
4148,164154,22515
6733,188341,19311
3646,159600,47067
5190,176217,51496
5602,179227,19311
5468,178142,20282
4325,166207,20773
4381,167188,44736
4411,167324,44736
4434,167438,46908
4280,165340,19311
4284,165367,16231
2884,153119,17205
2779,152108,18871
4298,165453,19311
3266,155552,43427
3255,155459,20773
4301,165470,47067
3652,159647,16781
3256,155466,46943
4315,165546,44736
4317,165597,46913
3833,161129,16231
3502,158429,18871
3648,159621,20282
3258,155473,20282
3272,155583,20773
3265,155549,20773
4827,171609,46908
5604,179233,22515
3503,158452,49026
3654,159669,44742
3504,158455,49026
3786,160827,19311
3262,155512,37402
3263,155540,11310
3657,159686,18871
4328,166299,43427
5204,176282,30836
5606,179235,20282
5608,179240,45342
5205,176286,16231
4833,171661,46908
3664,159767,22515
3662,159759,44736
3655,159671,47067
3836,161230,16781
4836,171681,19311
4333,166642,16781
3692,160396,20282
3806,160940,18871
3794,160863,18871
3751,160661,16781
3726,160587,20282
3559,159173,20282
3802,160914,52140
3663,159764,37402
3702,160458,45342
3765,160742,45342
3824,161077,44742
3562,159179,45342
3743,160634,37402
3683,159973,18871
3755,160688,45342
3671,159833,37402
3741,160631,20282
3792,160854,37402
3500,158399,19311
3271,155582,37402
3561,159177,19311
3558,159172,30836
3570,159209,19311
3492,158318,19311
3488,158267,46943
3623,159438,52138
3323,157314,19311
3392,157651,46943
3444,157886,46908
3356,157460,46943
3275,155622,16781
3359,157467,51496
3209,155183,17205
3353,157444,19311
3406,157718,19311
3210,155184,16781
3404,157714,51496
2595,151245,46908
3432,157824,47070
3373,157555,16231
3390,157648,30836
3401,157690,22515
3307,156629,44742
3614,159388,46908
3276,155641,11312
6626,187609,46908
5728,180031,37402
3279,155679,19311
2594,151174,43427
3512,158776,22515
2602,151272,19311
4334,166844,20282
2600,151262,18871
2598,151257,18871
2601,151266,18871
3645,159571,52140
3596,159302,46908
2610,151320,20282
3624,159443,47070
2604,151284,19311
6729,188267,22515
6694,187923,22515
4829,171618,46908
2599,151258,43427
3612,159373,52140
3513,158785,19311
2626,151376,16781
2603,151277,17205
2623,151355,45342
2619,151344,18871
2613,151331,46908
3362,157487,18871
4324,166182,52140
3365,157508,37402
3507,158606,16781
3339,157406,18871
4335,166849,20282
3493,158320,46913
3641,159553,44736
2614,151334,20282
3487,158264,47070
2609,151319,51496
2616,151340,18871
2649,151450,46908
2665,151523,16781
2727,151816,44736
2629,151389,46908
2678,151582,44736
2680,151588,22515
2658,151479,43385
2662,151486,17205
3626,159449,52140
2682,151593,16231
2642,151430,49026
2684,151604,20282
2697,151672,45342
3791,160850,11312
2651,151456,19311
2716,151758,30836
6689,187890,52138
2647,151443,18871
4842,171690,22515
2769,152061,45342
2708,151725,44736
2666,151524,51496
2631,151391,22515
2724,151800,29351
2713,151737,16231
2707,151719,22515
2721,151780,44736
2723,151797,19311
2712,151735,49026
2763,152007,16781
2742,151903,16231
2625,151370,19311
2622,151353,17205
2617,151341,17205
2745,151920,16781
2700,151682,30836
2657,151473,43427
4742,170563,20773
2762,151993,19311
6678,187831,47070
2728,151820,47070
2736,151877,49026
2754,151951,37402
2740,151893,47070
2755,151957,16231
3805,160936,20282
3516,158950,37402
2758,151981,44736
2775,152090,43385
3286,155997,43427
2770,152062,16231
2737,151880,17205
3284,155755,18871
3194,155108,43385
3280,155717,11310
3659,159724,44736
2766,152033,20282
5892,181788,46913
5729,180035,17205
5475,178171,54689
2767,152045,16781
4845,171698,19311
2771,152065,20282
3769,160756,20282
3777,160777,11312
3290,156266,20282
3291,156329,19311
4843,171695,22515
5476,178173,11310
5209,176314,45342
2986,153555,47067
3175,155011,44736
3689,160358,44736
4323,166113,20773
3299,156470,20773
3285,155896,20282
3303,156544,16781
3776,160773,45342
3617,159396,45342
3713,160534,20282
3714,160536,45342
3704,160462,20282
3823,161076,44742
5477,178175,45342
2681,151591,17205
2646,151441,17205
2670,151542,37402
2612,151324,18871
2691,151650,37402
2608,151317,43427
2689,151647,45342
5211,176324,46913
5730,180045,45342
2652,151460,17205
2704,151697,45342
2709,151728,45342
2729,151826,49026
2674,151565,20282
2702,151691,20282
2634,151398,45342
2701,151686,17205
2760,151983,45342
2618,151343,20282
2746,151921,37402
4326,166233,47070
2741,151898,45342
2731,151844,45342
2806,152243,43427
2797,152187,44742
2803,152223,43427
3296,156413,20282
3187,155073,22515
2810,152251,16781
2778,152106,16231
2809,152249,37402
3300,156504,52140
3294,156406,20773
5613,179258,37402
2813,152278,37402
2791,152155,18871
2781,152113,46943
3695,160405,44736
2796,152179,16781
2786,152125,16781
3186,155063,52140
2787,152127,20282
3415,157752,45342
3517,158963,46908
2832,152495,19311
3241,155354,16231
3302,156530,52140
2790,152141,16231
2789,152139,18871
2811,152267,44742
3185,155062,20773
5615,179266,19311
5625,179293,53052
6676,187822,44742
5021,173948,43427
2814,152281,47070
3225,155260,22515
3260,155475,20773
3264,155547,16231
2835,152556,16781
3282,155741,52140
5478,178187,17205
5749,180107,17205
5900,181866,16231
5737,180077,44736
2793,152158,22515
5739,180080,19311
4302,165471,19311
2792,152156,20773
4628,169488,47070
5738,180079,45342
4322,166107,22515
5616,179273,37402
2816,152323,18871
2850,152752,43427
2838,152642,11310
2840,152679,11310
2841,152683,11310
2823,152338,18871
2817,152326,11312
3281,155722,16231
2818,152327,20773
5740,180081,17205
5733,180062,17205
5617,179274,22515
5627,179302,20282
3301,156517,52140
5618,179276,53060
2822,152336,37402
4854,171762,30836
3696,160410,19311
2845,152715,11310
5023,173970,30836
5619,179277,43427
5735,180065,18871
2844,152712,11310
3690,160369,44736
3721,160564,37402
4340,166971,16781
3813,161018,18871
2847,152738,11310
4856,171790,30836
3519,158974,20282
5481,178197,18871
3752,160664,46908
5736,180066,43316
5214,176391,20773
5621,179279,20282
3814,161022,45342
3688,160337,11310
3727,160591,18871
3730,160597,16781
3738,160625,45342
3311,156973,11312
5482,178200,20282
5629,179308,53060
3310,156925,43427
4657,170135,44736
5748,180106,43385
5622,179283,45342
5743,180093,37402
3563,159180,20282
3556,159164,11312
3520,158987,43427
4855,171780,30836
4857,171799,30836
3531,159031,22515
3532,159035,11312
5610,179246,37402
3667,159789,44736
3668,159794,22515
3722,160568,47067
3521,158992,52140
3567,159203,18871
3815,161023,45342
3452,157951,37402
3758,160708,37402
3522,158993,45342
4339,166945,44736
3669,159816,46908
5624,179287,11310
3254,155444,49026
3248,155406,16781
3250,155426,18871
5750,180108,47070
5609,179242,20282
2675,151567,46908
2698,151674,16231
2638,151416,51496
2696,151662,47070
2677,151577,30836
2663,151514,44736
2722,151784,16231
3574,159221,45342
3546,159117,17205
3676,159903,11312
4350,167039,43316
3526,159002,45342
2869,153066,16781
2864,153043,20282
3523,158994,45342
4362,167099,47067
3772,160762,37402
4375,167165,20282
3525,159001,45342
3763,160732,20282
3789,160834,51496
4379,167179,19311
4830,171651,52140
2889,153146,37402
2865,153044,45342
3530,159030,52140
2875,153093,20282
2870,153079,11310
3843,161444,20773
4353,167068,11310
4354,167070,52138
2866,153045,46943
4342,167001,18871
3804,160929,37402
4837,171682,47070
4358,167082,46908
2867,153048,16781
4807,170797,20773
3268,155564,47067
3314,157236,20282
2879,153102,20282
2892,153159,44736
2890,153154,37402
3316,157253,46908
2874,153089,46908
2872,153087,20282
2887,153134,16231
4368,167135,18871
2891,153157,51496
2862,153026,19311
2907,153192,30836
2924,153247,17205
2936,153284,20282
2926,153249,20282
2934,153274,30836
2935,153279,20282
2920,153242,46908
2919,153231,45342
2923,153246,16781
2925,153248,19311
2661,151483,18871
4352,167058,52138
3329,157358,37402
2908,153198,46943
2911,153202,20282
4345,167024,46908
2909,153200,45342
2717,151759,11312
3610,159369,37402
2894,153164,45342
2895,153166,22515
2857,152994,11312
2943,153303,20282
2937,153291,44736
2946,153311,11310
2854,152950,20282
3319,157290,18871
4366,167130,20282
5488,178226,18871
3408,157728,18871
5753,180111,18871
5631,179316,20282
3375,157579,45342
3388,157633,17205
2913,153206,16231
3384,157614,43385
2930,153258,20282
2914,153208,30836
3386,157620,30836
3368,157526,51496
2873,153088,19311
2941,153300,45342
2947,153317,46901
2939,153297,16781
2898,153174,45342
3288,156082,43427
3326,157342,18871
3347,157428,20282
3385,157616,30836
3569,159208,44736
3398,157686,30836
3422,157773,16781
3402,157704,37402
2915,153211,20282
3324,157322,18871
2931,153261,22515
2940,153299,51496
3325,157327,45342
3399,157687,37402
3756,160690,51496
2972,153469,11310
3576,159237,45342
3351,157441,17205
3367,157522,20282
3842,161421,22515
3759,160709,11310
3423,157775,47070
3811,160987,16781
3439,157866,17205
2954,153354,11310
3405,157716,46943
3357,157462,18871
2685,151607,16781
3318,157286,16781
3538,159064,44736
3540,159072,45342
2688,151638,16781
4427,167406,53052
4389,167243,20282
4397,167290,18871
4393,167263,46908
3361,157485,37402
3429,157810,20282
3403,157706,16781
2858,153000,46908
4387,167227,53052
5895,181804,52140
5636,179329,11310
3413,157743,20282
2948,153329,20282
3313,157170,11310
3686,160122,46913
3443,157883,43427
3454,157967,16231
3440,157867,51496
2973,153473,47070
3799,160902,43427
3844,161445,22515
3447,157904,16231
5489,178234,30836
3446,157897,46943
4392,167260,20282
2965,153421,51496
3332,157378,17205
2963,153405,44736
5884,181658,18871
2955,153357,45342
4407,167310,30836
2971,153464,20282
2960,153394,51496
2977,153487,20282
4408,167314,11312
4437,167462,45342
4808,170800,43316
4864,171842,52138
2970,153461,11310
2981,153507,16231
2951,153345,16231
2975,153480,44736
2979,153491,46908
3465,158029,16231
3460,158008,16781
4398,167291,20282
4469,167668,37402
4420,167368,45342
4400,167295,20282
2777,152102,47067
2784,152120,19311
2804,152228,51496
4422,167383,43316
2836,152598,19311
2928,153253,44736
4874,171910,43427
3306,156608,44742
2984,153520,44736
2959,153393,46908
2956,153359,46901
4865,171847,46913
6662,187757,45342
4455,167583,47067
4938,173410,18871
4442,167488,20282
4435,167445,20773
3013,153690,47070
3005,153648,11310
3000,153611,37402
2998,153603,20282
3017,153715,30836
2985,153541,37402
3001,153627,20773
4457,167591,16781
4440,167472,20282
2987,153557,44736
3021,153750,30836
2991,153572,20773
5493,178249,45342
3002,153629,22515
5785,180208,37402
5494,178250,17205
4866,171852,16231
4439,167468,46908
3466,158031,37402
2999,153607,16781
3011,153668,17205
4875,171920,52140
3003,153642,37402
4871,171875,51496
3016,153708,19311
3461,158013,45342
3472,158098,37402
3012,153687,19311
3031,153790,47067
4876,171921,16231
3009,153660,17205
3467,158039,47070
4664,170184,16781
3035,153826,16781
5490,178240,30836
3023,153764,43427
4460,167600,18871
4452,167567,16781
3449,157928,51496
4873,171881,47067
3027,153772,20773
3019,153741,47067
3025,153767,19311
3333,157387,20282
3363,157492,45342
4466,167647,37402
3456,157980,47070
5504,178269,30836
5758,180128,43316
3032,153802,20282
3028,153775,17205
2993,153592,37402
3335,157389,43385
3483,158218,47070
3479,158145,11310
3421,157772,20282
3426,157789,43427
3354,157449,16781
2994,153593,44736
5638,179343,54689
4462,167625,18871
5499,178258,53060
5757,180127,45342
5759,180129,22515
5782,180201,18871
5640,179345,53052
4468,167662,16231
4472,167672,43427
5766,180146,45342
4481,167705,46943
4476,167680,46943
5761,180131,17205
5507,178273,52138
4470,167670,16781
5902,181894,51496
3050,153937,17205
3045,153891,17205
3372,157551,43385
3352,157442,37402
3366,157517,17205
3395,157668,18871
4330,166475,46913
4331,166537,30836
3257,155467,37402
3393,157660,51496
3051,153944,20773
3425,157779,11312
3350,157439,20282
3338,157402,20282
4349,167038,46943
4371,167146,44736
4417,167351,46913
4365,167125,22515
3578,159246,30836
3557,159170,51496
3564,159185,20282
3430,157822,46943
3560,159175,20282
3583,159264,52138
3047,153907,17205
3477,158129,19311
3379,157589,47067
3055,153985,17205
3052,153950,17205
3054,153972,43427
4480,167704,16231
3568,159205,22515
3573,159217,30836
3473,158112,11310
3056,153986,18871
5889,181770,52140
3577,159240,49026
6671,187796,44742
6688,187888,16231
4479,167703,19311
3565,159190,17205
3077,154487,45342
4483,167709,16781
4492,167758,11310
4484,167717,30836
3394,157665,37402
4489,167730,19311
5511,178285,37402
5599,179224,52140
5603,179229,46943
3070,154451,45342
3073,154465,47067
3076,154483,43427
4490,167748,37402
4506,167840,53052
3830,161100,20773
3822,161075,44742
3589,159279,18871
3081,154549,22515
4496,167788,17205
3795,160870,46908
3826,161081,44742
3775,160771,44742
3607,159354,44736
3609,159365,19311
3750,160659,51496
3697,160421,46908
3065,154432,46908
2990,153568,16781
3068,154446,45342
2883,153115,30836
3072,154463,44736
3066,154437,45342
3600,159315,37402
3485,158228,47070
4499,167801,19311
3490,158292,20773
3700,160449,44736
5516,178336,47070
5027,174345,46913
3588,159278,19311
5538,178505,20773
3834,161147,16781
5537,178498,47070
5206,176297,45342
4507,167850,20773
3622,159432,20282
5515,178326,45342
6630,187620,47070
3078,154493,44736
3083,154552,47070
3474,158125,37402
3599,159314,17205
4356,167077,43316
4372,167152,37402
4361,167087,20282
4412,167334,20282
4425,167395,16781
4459,167593,37402
4415,167339,18871
3085,154560,43385
3658,159698,18871
5215,176530,20773
3831,161114,37402
4518,167952,19311
3491,158309,18871
3495,158333,11312
3717,160548,37402
3715,160540,20282
3506,158601,43427
4531,168045,16231
3616,159395,17205
3127,154807,16781
5020,173802,52140
3103,154660,20282
3119,154748,20282
3129,154812,20282
3687,160230,20282
3143,154880,22515
3088,154589,45342
3137,154844,16781
3131,154823,46908
3126,154796,18871
3089,154595,16781
3165,154949,20282
3101,154648,45342
2966,153425,11312
3124,154779,18871
3636,159527,44742
3151,154907,20282
3621,159421,11312
3167,154966,17205
3092,154616,37402
3141,154872,20282
3184,155056,51496
3189,155085,45444
3190,155091,16781
3739,160626,37402
3606,159353,47070
3634,159509,45342
3139,154864,46908
3142,154876,45342
4630,169539,43427
3635,159526,11310
3145,154887,18871
3719,160560,22515
3731,160598,45342
2992,153573,22515
3007,153651,44742
3206,155158,47067
3207,155161,45342
3633,159495,18871
4530,168021,11310
3643,159567,11310
3644,159569,19311
3631,159488,45342
3734,160612,45342
3642,159566,44736
3705,160463,46908
3748,160650,16781
3166,154960,45342
3193,155101,20282
3162,154935,11310
5026,174245,46913
3172,154999,17205
3191,155092,17205
3240,155351,16781
3188,155076,47067
3177,155020,17205
3242,155355,20773
3220,155237,18871
3171,154995,44736
3204,155150,16781
3712,160532,20282
5012,173688,18871
3086,154569,45342
3837,161304,18871
3227,155282,46908
3223,155253,20282
3245,155382,16781
3382,157603,11310
3224,155255,18871
3230,155296,20773
3235,155306,45342
3228,155286,16781
3237,155321,51496
3334,157388,17205
3192,155097,37402
3232,155301,51496
3216,155219,17205
2988,153558,19311
3014,153695,47070
3236,155316,46943
3211,155188,46943
3196,155115,46908
3015,153706,16231
3213,155204,43385
3034,153818,47067
5563,178652,51496
3202,155146,17205
4535,168371,30836
3040,153877,44742
5028,174394,52140
5795,180245,30836
5799,180257,30836
5518,178349,52140
5820,180336,52138
5644,179369,53060
3128,154810,22515
3106,154688,51496
3108,154692,46943
3107,154689,44736
3125,154790,51496
3133,154836,47067
3114,154720,47070
3102,154653,22515
3199,155129,22515
3138,154862,46908
3136,154842,44736
3159,154926,19311
3150,154906,51496
3140,154866,46908
3149,154905,51496
3740,160627,46913
3677,159904,22515
3691,160381,44736
3672,159837,46913
3685,160088,19311
3684,159984,46913
3779,160790,51496
3783,160815,46908
5022,173966,43427
5041,174481,44742
5800,180262,30836
5046,174782,22515
5521,178358,53060
5645,179385,30836
5768,180151,19311
4884,172359,47070
5040,174466,18871
5216,176637,53060
5850,180521,52138
5771,180165,16781
4886,172438,19311
5219,176712,43385
5522,178365,20282
3853,161884,20282
5031,174443,30836
3855,161889,49026
3760,160714,51496
3860,162021,37402
6681,187845,46908
3859,162019,16781
3863,162027,16781
3682,159934,18871
3864,162052,18871
3862,162025,16781
3875,162131,16781
3305,156571,18871
3882,162171,18871
4463,167628,19311
3874,162126,16781
3873,162124,20282
4885,172405,22515
3889,162213,16231
3877,162134,22515
3876,162132,20282
3881,162165,20282
4527,168005,11310
3879,162151,47070
5420,177958,22515
5033,174449,44742
3896,162281,16781
5047,174830,20282
4559,168783,43316
3895,162272,17205
3897,162295,16781
4556,168759,20282
4557,168771,46913
5525,178372,53060
4554,168748,19311
5221,176914,46908
5787,180228,53052
5769,180158,45342
4561,168799,37402
3903,162366,37402
3898,162306,49026
5036,174457,46913
4579,168907,20282
4580,168909,43316
4562,168817,20282
5788,180229,16781
4553,168743,53052
4582,168916,43316
5057,175251,18871
5790,180231,19311
4588,168964,53060
4538,168625,17205
5532,178434,18871
5223,176939,16781
5065,175305,30836
4571,168866,16781
4567,168833,20282
4577,168901,53052
4543,168660,43316
4578,168904,16781
5792,180233,18871
5773,180168,43316
5652,179420,30836
5226,176946,46943
4584,168948,20282
4581,168911,11310
4406,167307,53052
4546,168716,53060
4570,168852,17205
5227,176951,18871
5053,175189,20282
5775,180170,17205
5228,176952,45342
5534,178449,53060
5805,180280,43385
3918,162540,37402
3916,162535,46908
3921,162576,46908
3905,162426,16231
3849,161583,22515
3847,161518,19311
4591,168988,20282
3869,162112,46943
3917,162539,30836
5044,174521,46913
3914,162531,18871
3919,162542,18871
4879,172097,47070
5231,176963,18871
5533,178435,51496
4901,172663,46908
4899,172644,46913
4890,172575,46943
5528,178390,54689
4887,172554,44736
5806,180282,45342
4880,172099,47070
4590,168978,20282
5809,180296,37402
4488,167727,16781
4523,167997,11310
4532,168059,43427
3922,162579,30836
4611,169150,11310
4568,168837,53052
3923,162581,19311
3925,162589,16231
4617,169212,18871
4613,169166,18871
4624,169257,18871
5653,179429,30836
3933,162623,16781
4904,172714,30836
3926,162591,46943
4592,168991,53052
4894,172606,46943
3948,162780,46943
3983,163024,37402
3957,162873,11310
3950,162812,46908
4612,169151,16781
4903,172671,22515
4478,167695,53052
4498,167800,53052
5068,175322,46913
5542,178532,17205
3955,162860,37402
3975,162990,51496
4601,169019,46913
3942,162724,16231
4597,169014,37402
4895,172611,46908
4603,169031,18871
4635,169662,11310
5300,177154,52138
5314,177202,30836
4935,173399,11310
5315,177203,17205
5291,177125,51496
4882,172111,47070
5248,177005,43385
3930,162605,22515
3958,162877,11310
3946,162763,22515
3947,162766,46908
4905,172722,43427
4626,169333,50780
4516,167942,22515
4511,167866,16231
4503,167820,16231
4598,169015,43427
3956,162866,51496
3967,162924,51496
3966,162923,46913
3944,162733,51496
4898,172642,44736
4883,172114,51496
4599,169017,20282
4900,172654,22515
5307,177186,43316
5279,177095,51496
5301,177157,53052
5277,177093,20282
3959,162882,51496
4600,169018,17205
4633,169649,11310
5278,177094,37402
5289,177122,54689
5812,180301,11310
3979,163015,11310
3971,162951,43427
5280,177096,45342
5290,177124,43316
5543,178553,18871
5545,178560,17205
3908,162458,16781
3797,160891,18871
3910,162464,16781
4892,172595,22515
5054,175212,47070
5258,177040,18871
5308,177187,16781
4913,173094,47070
5282,177102,19311
4909,172864,49026
5540,178525,20773
5055,175214,20282
5257,177036,17205
5544,178557,18871
3988,163152,22515
4910,172866,49026
5554,178601,17205
5281,177100,43316
5292,177128,37402
3989,163204,18871
5303,177163,20282
4505,167836,20773
5319,177214,47070
5284,177111,50780
5259,177041,45342
5813,180307,18871
5235,176977,46908
5514,178314,53060
5632,179320,11310
3990,163339,43427
5294,177133,53052
5323,177229,30836
5781,180189,44742
5546,178564,11310
5251,177023,45342
5260,177045,20282
5329,177252,52140
4915,173251,20773
5465,178134,17205
5325,177236,47070
5320,177217,53052
5252,177025,22515
5548,178571,20282
5473,178164,18871
5237,176981,17205
5819,180331,18871
5410,177728,18871
5821,180339,11310
5560,178635,45342
4524,167998,11310
4867,171857,44742
5313,177198,37402
4614,169187,18871
5326,177240,37402
5673,179517,45342
5824,180347,45342
5662,179468,20773
5296,177137,45342
5726,180026,45342
5745,180099,53052
5725,180022,43427
5674,179518,45342
5564,178658,19311
5667,179497,51496
3998,163525,20282
3999,163528,20282
3997,163522,20282
3993,163505,20282
4001,163537,20282
4004,163555,37402
5297,177140,54689
3798,160894,11312
4031,163674,22515
4993,173608,47070
5327,177244,53060
4022,163610,18871
4017,163594,19311
4020,163600,20282
4019,163598,16781
5081,175809,43316
4047,163725,18871
4036,163684,19311
4042,163715,51496
5095,175876,37402
5780,180188,43385
4026,163644,51496
4039,163698,20282
5241,176991,22515
5074,175713,11310
4912,172990,22515
5679,179524,43316
5096,175878,19311
5658,179454,43316
4051,163734,46908
5331,177259,53052
5242,176992,16781
5561,178642,16781
5069,175358,46913
4055,163740,20282
4064,163761,20282
5059,175257,18871
5052,175164,20282
4029,163662,22515
4032,163675,43427
4027,163646,46943
5656,179448,30836
5727,180027,19311
5243,176993,43316
4054,163739,44736
5677,179522,43316
5825,180352,46943
5827,180356,20282
5704,179778,22515
3857,161995,44736
4023,163626,16781
5678,179523,45342
4063,163759,46913
4030,163664,52138
4025,163638,16781
5357,177359,45342
5338,177281,47070
5371,177405,53060
4033,163680,46943
4062,163758,18871
4049,163729,18871
4048,163726,20282
4067,163768,18871
4072,163787,17205
4084,163840,20282
5075,175735,11310
4087,163851,53052
4088,163852,37402
5372,177408,47353
4085,163843,17205
5669,179507,45342
5336,177277,44742
4081,163830,20282
4089,163864,43385
4091,163867,51496
5664,179477,52138
3870,162115,20282
5265,177067,45342
5358,177363,20773
5083,175822,46913
5374,177410,45342
5077,175797,52140
5194,176228,49026
5197,176236,18871
5355,177354,20282
5577,178824,11310
5188,176210,45342
5570,178729,45342
5352,177341,20282
4659,170147,47070
4642,170037,16781
5084,175823,37402
4648,170074,22515
5671,179509,43316
5571,178761,50780
5362,177378,54689
5333,177271,52140
5359,177366,20282
5661,179465,50780
4378,167178,16781
4651,170109,16781
4666,170190,16231
4652,170113,46908
5276,177086,50780
5099,175890,11310
5334,177272,44742
4094,163877,30836
4669,170198,16231
4640,170010,46908
5557,178626,45342
5337,177279,50780
5363,177380,17205
5672,179511,51496
5079,175802,19311
5698,179600,45342
5681,179529,45342
4665,170187,17205
5266,177072,50780
5186,176207,44744
5100,175895,11310
5199,176244,47070
4695,170305,30836
4716,170436,30836
4701,170354,47067
4674,170233,16781
4740,170557,20773
4694,170302,16781
4731,170507,37402
4713,170419,18871
4637,169989,46908
4394,167269,18871
4105,163921,46913
4344,167005,20282
4107,163934,16231
4725,170478,53052
4095,163887,37402
5367,177387,53052
4097,163902,46908
5269,177078,50780
4100,163911,18871
4117,163968,37402
4703,170359,20282
4699,170342,11310
4709,170392,20282
4790,170758,50780
5368,177389,43427
4679,170242,17205
4123,163995,22515
5692,179569,50780
4710,170397,20282
4687,170285,16781
5086,175836,43316
4728,170488,20282
5271,177081,50780
4124,163997,37402
4145,164133,20773
4697,170329,37402
3928,162600,46908
3938,162662,46943
3935,162634,44742
5353,177343,45342
4706,170387,54689
4128,164026,37402
4131,164046,20282
5693,179571,50780
4737,170537,53052
5558,178631,51496
4654,170123,22515
5200,176252,19311
4137,164078,52138
5275,177085,50780
4724,170470,43427
4134,164068,22515
4689,170290,53052
4678,170241,30836
4671,170211,16781
4690,170291,46913
5830,180371,20282
3985,163072,46913
3980,163017,46943
3986,163092,46913
4009,163569,46908
4010,163570,46908
4013,163573,46908
4066,163765,22515
4074,163793,46908
4046,163724,47067
4070,163780,46943
4071,163781,19311
4057,163749,46908
4114,163960,20773
4083,163837,44736
4106,163928,46908
4086,163845,51496
4110,163947,44736
4140,164097,17205
4120,163990,44736
4121,163992,46943
5695,179573,50780
5890,181775,52140
4712,170402,11310
5696,179584,19311
5684,179535,50780
5378,177424,47353
5686,179537,50780
4720,170451,17205
5107,175917,44736
5390,177487,16781
5108,175920,45342
4658,170143,46943
5838,180415,53052
5836,180412,53052
4762,170690,53052
5109,175921,51496
5396,177524,53060
4722,170463,16231
5388,177473,46913
5391,177490,16781
5394,177513,46913
4620,169228,46913
4159,164228,16781
4161,164247,20773
4167,164304,18871
4164,164289,16781
4127,164024,20282
4165,164292,16781
4172,164419,19311
4672,170215,46908
4655,170129,46913
5116,175945,46943
4656,170132,22515
4183,164637,43385
4754,170658,49026
4756,170666,49026
4780,170731,50780
4814,170831,50780
4757,170671,49026
4812,170826,50780
4734,170525,18871
4791,170759,50780
4809,170801,50780
4815,170832,50780
4749,170606,49026
4186,164706,43427
4777,170728,50780
4044,163720,46943
4773,170723,16781
4776,170727,50780
4778,170729,53060
4197,164904,46908
4733,170519,53060
5344,177308,37402
4210,164967,46943
4789,170757,50780
4670,170206,43316
4747,170598,49026
4775,170725,50780
4781,170735,50780
4730,170501,43316
4810,170803,50780
4750,170608,53052
5110,175927,22515
5118,175953,43385
5380,177432,47353
4188,164824,18871
5130,176012,18871
4784,170738,20773
5345,177309,17205
5579,179024,45342
4202,164941,51496
4966,173516,18871
4951,173466,16781
4939,173412,46913
4788,170751,50780
5346,177313,20282
4955,173485,37402
4192,164863,18871
4191,164855,16781
4736,170531,43316
4199,164929,53060
4211,164976,16781
4932,173372,44736
5132,176016,53052
4817,170989,18871
4732,170512,17205
4785,170743,16781
4218,165037,16781
4818,171145,52140
5389,177483,50780
5398,177534,30836
4971,173530,16231
4921,173341,46908
4943,173430,45342
5399,177535,30836
4221,165054,16781
4213,165003,18871
5126,175997,53052
4936,173402,22515
5574,178801,30836
5348,177317,37402
4968,173521,45342
4794,170763,50780
5425,177973,45342
5435,177998,45342
5127,175998,45342
5440,178017,17205
5443,178043,20282
4940,173417,37402
4969,173527,43316
5575,178802,30836
5436,178001,20282
5427,177975,45342
4944,173435,43385
4945,173439,37402
4924,173346,50780
5133,176023,51496
4215,165013,16781
4792,170761,50780
4819,171151,19311
5134,176024,37402
5842,180462,45342
4216,165021,22515
5121,175979,37402
4225,165073,16781
4925,173348,50780
4946,173445,16231
5429,177977,45342
4949,173462,50780
5431,177979,45342
5432,177980,45342
4970,173528,46943
4928,173351,50780
5113,175942,53052
5852,180536,16781
4972,173531,18871
5849,180517,50780
4236,165113,16781
4224,165071,18871
4237,165124,53060
4954,173483,52140
4234,165109,16781
4232,165094,18871
4248,165168,51496
5135,176035,11310
5422,177967,45342
5412,177876,44736
4956,173488,11310
5607,179236,53052
5580,179110,46908
4249,165169,18871
5403,177549,19311
5385,177453,47067
4258,165238,20282
5847,180505,45342
5386,177454,44742
4261,165253,46943
4929,173355,44736
5138,176043,20282
5451,178071,16781
5587,179166,22515
4265,165281,20282
5137,176042,53052
4802,170790,50780
5705,179926,46908
5861,180602,45342
5845,180482,45342
4823,171280,52140
4803,170791,50780
5097,175880,37402
5139,176044,43316
5707,179928,46908
5404,177554,50780
5706,179927,46908
4262,165270,30836
5140,176045,53052
5415,177900,44736
5868,180703,22515
5623,179286,20282
4268,165297,46908
4908,172843,22515
4906,172810,52140
4916,173279,46908
4961,173503,52140
5709,179934,18871
4977,173560,16781
5405,177557,18871
4988,173585,47070
5701,179673,16781
4277,165333,16781
4274,165319,16781
4283,165360,18871
5418,177954,54689
4273,165312,20282
4976,173559,16231
4992,173601,46913
5576,178822,11310
4980,173565,16231
5419,177955,16781
5620,179278,16781
5142,176049,20282
5588,179172,52140
5004,173643,16781
4975,173555,20282
5444,178055,52140
5552,178582,16781
5005,173644,20282
5703,179745,18871
5495,178252,16781
5164,176105,30836
5154,176076,53052
5106,175910,19311
5445,178056,43316
5584,179158,37402
5017,173697,30836
5037,174458,46913
5071,175495,46913
5156,176085,45342
5144,176055,43316
5170,176128,45342
5145,176056,51496
5018,173699,30836
5720,179992,22515
5158,176091,53052
5159,176092,30836
5718,179977,43316
4997,173619,19311
5171,176131,19311
5874,180831,52140
5454,178085,53060
5886,181702,16781
5904,181898,20282
5161,176094,22515
5811,180300,17205
4294,165402,19311
5455,178087,17205
4285,165368,19311
4297,165427,18871
4292,165398,18871
4290,165394,47067
5593,179197,45342
4303,165481,47067
5456,178089,37402
5448,178063,46908
5628,179305,11310
4998,173624,16231
5719,179981,37402
5887,181706,18871
5885,181692,16781
5000,173627,52140
5149,176064,20282
5449,178066,16781
5907,181934,19311
5450,178067,46908
5167,176120,30836
5173,176142,20282
4310,165505,16781
5592,179187,53060
5883,181174,47070
5877,180953,11310
5716,179964,50780
4143,164122,46901
4311,165508,16781
4313,165513,46913
4142,164120,44736
4139,164094,16231
4147,164143,52138
4152,164176,22515
4309,165504,53052
4180,164551,46908
5163,176102,45342
4178,164549,22515
5152,176070,45342
4175,164474,47067
5175,176145,20773
4205,164945,46908
4206,164946,22515
4230,165090,22515
4228,165083,22515
4245,165147,52140
4251,165182,46913
4238,165125,46943
4243,165139,46913
4247,165155,20773
4240,165133,46908
4239,165129,51496
4256,165216,22515
4244,165140,44742
5176,176150,43385
4266,165285,44736
4259,165245,20773
4260,165247,22515
5061,175285,46913
5853,180537,47070
5594,179209,45342
5844,180479,52138
5871,180778,19311
5179,176170,19311
5458,178111,54689
5863,180630,18871
5010,173677,16781
5873,180820,46908
4321,165668,16781
5011,173679,44742
5876,180890,52140
5879,181060,22515
5598,179217,54689
4194,164875,20282
4209,164965,18871
4187,164791,46908
4163,164259,18871
5723,180017,19311
5898,181844,46913
5921,182200,16781
5922,182261,52140
5913,182085,20773
5920,182191,16781
5915,182109,46908
5929,182610,17205
5927,182564,43427
5936,182677,11310
5932,182668,11310
5931,182665,11310
5930,182623,52140
5934,182672,11310
5933,182670,11310
5935,182673,11310
5937,182680,11310
5941,182767,37402
5939,182756,43316
5961,182839,44736
5955,182827,37402
5952,182816,37402
5954,182822,37402
5964,182847,37402
5949,182807,54689
5953,182821,20282
5950,182808,20282
5947,182792,43316
5963,182845,43316
5970,182874,54689
5969,182865,53060
5980,182902,46943
5977,182899,43316
5986,182911,22515
6005,182978,53060
5994,182940,37402
6003,182972,43316
5975,182896,49026
5976,182897,53060
5981,182905,53052
6011,183014,43316
6008,182994,53052
6014,183024,53052
6012,183017,43427
6029,183067,20282
6021,183044,30836
6026,183059,20282
6027,183061,30836
6033,183085,30836
6031,183076,54689
6015,183027,37402
6038,183097,53052
6017,183030,53060
6019,183034,54689
6028,183063,53060
6039,183098,53060
6032,183083,53052
6048,183117,22515
6041,183106,20282
6043,183110,16781
5911,182057,20773
5916,182127,19311
5924,182428,52140
5945,182780,46908
5938,182753,46908
5940,182757,44736
6050,183119,22515
6044,183113,22515
6047,183116,22515
5996,182943,22515
5992,182936,22515
5999,182954,22515
5993,182937,22515
5995,182942,22515
5997,182944,46943
6051,183121,46913
6052,183125,20282
6063,183193,53060
6056,183155,43427
6058,183163,53052
6062,183177,43427
6060,183168,20282
6053,183137,20282
6057,183162,53060
5909,182004,45342
6632,187622,47070
6066,183203,45342
6073,183245,30836
6074,183248,30836
6068,183219,53052
6087,183294,20773
6086,183292,43427
6085,183291,43316
6098,183352,43427
6099,183372,18871
6111,183535,53060
6110,183530,52140
6109,183495,11310
6121,183643,47353
6122,183647,47353
6120,183641,50780
6116,183623,11310
6129,183772,52140
6128,183768,52140
6131,183869,30836
6138,183962,20282
6144,184019,52140
6142,184004,17205
6140,184002,16781
6154,184067,11310
6155,184069,43427
6151,184056,18871
6148,184023,20282
6158,184079,43427
6160,184090,43427
6152,184059,16781
6164,184118,18871
6161,184104,11310
6184,184704,17205
6188,184740,43316
6192,184763,11310
6195,184775,17205
6197,184778,16781
6183,184703,18871
6186,184713,43316
6210,184833,19311
6214,184852,52140
6203,184811,45342
6209,184827,53060
6212,184842,17205
6208,184824,45342
6219,184864,45342
6220,184865,43316
6221,184867,22515
6247,184961,46913
6225,184882,22515
6244,184955,45342
6242,184943,43316
6232,184899,46913
6248,184965,19311
6230,184895,20282
6226,184883,20282
6241,184937,43316
6228,184890,53060
6251,184976,46908
6235,184913,43316
6240,184933,11310
6237,184921,20282
6090,183302,46908
6061,183175,46913
6081,183276,46913
6088,183295,20773
6072,183243,44736
6095,183328,46913
6100,183418,46913
6093,183314,44736
6112,183589,52138
6114,183607,46908
6117,183628,52138
6107,183487,22515
6136,183904,52140
6134,183898,52140
6147,184022,52140
6132,183894,52140
6165,184120,52140
6162,184114,52140
6163,184116,52140
6175,184269,52140
6176,184270,52140
6178,184272,52140
6179,184274,52140
6190,184744,19311
6200,184784,46908
6261,185019,16231
6258,185003,45342
6260,185017,46908
6238,184922,44736
6262,185023,47070
6234,184906,19311
6264,185034,45342
6283,185130,30836
6285,185139,47070
6286,185141,19311
6293,185169,45342
6292,185166,16231
6298,185187,11310
6295,185179,30836
6300,185191,47070
6297,185184,43316
6308,185225,11310
6317,185259,46913
6316,185256,16231
6315,185247,46913
6327,185320,46913
6323,185302,52140
5183,176189,47070
6329,185323,22515
6325,185305,52140
6321,185292,16231
6322,185294,16781
6331,185327,16231
6333,185350,46913
6332,185333,52138
6353,185474,52140
6352,185473,52140
6343,185421,20773
6354,185499,30836
6355,185500,30836
6361,185840,30836
6362,185868,50780
6091,183306,46913
6094,183320,20773
6102,183459,46908
6083,183284,16231
6096,183329,46908
6097,183340,16781
6375,186156,20282
6372,186139,44736
6123,183650,19311
6382,186207,37402
6380,186193,11310
6384,186221,11310
6385,186225,43316
6397,186277,43427
6396,186276,22515
6398,186278,16231
6416,186343,53060
6386,186229,22515
6035,183088,46943
6388,186238,45342
6401,186292,46908
6279,185122,11310
6434,186422,16231
6272,185095,45342
6276,185110,45342
6282,185128,43385
6255,184993,53052
6275,185106,18871
6433,186419,45342
6281,185126,43316
6437,186428,54689
6429,186411,22515
6307,185223,18871
6351,185467,18871
6311,185240,16781
6309,185227,11310
6363,185879,50780
6356,185504,20282
6369,186131,43316
6378,186184,45342
6377,186160,20282
6395,186274,37402
6366,185962,16781
6422,186388,43316
6423,186390,37402
6436,186426,45342
6405,186309,18871
6442,186443,17205
6439,186431,45342
6449,186463,44742
6453,186467,22515
6458,186477,30836
6466,186506,22515
6463,186494,16231
6474,186539,16231
6492,186607,53052
6478,186550,16231
6498,186647,43316
6480,186553,20282
6472,186534,45342
6475,186542,45342
6482,186560,45342
6166,184121,16231
6495,186623,47070
6487,186579,47070
6493,186609,16231
6500,186652,43427
6334,185369,44742
6349,185461,20773
6339,185398,16231
6503,186669,54689
6346,185448,20773
6290,185149,51496
6504,186673,20282
6506,186675,37402
6510,186688,44742
6531,186788,47070
6528,186782,47070
6543,186862,50780
6542,186860,50780
6539,186857,50780
6537,186852,50780
6535,186846,16781
6544,186863,50780
6549,186885,16781
6545,186866,20773
6546,186875,20773
6335,185380,16231
6313,185244,43316
6410,186318,44736
6570,187381,18871
6571,187389,18871
6577,187419,19311
6582,187444,19311
6594,187482,52140
6595,187483,43427
6601,187503,43316
6596,187484,44736
6592,187478,54689
6593,187480,45342
6256,184995,17205
6636,187648,54689
6620,187587,52138
6634,187638,20282
6641,187668,18871
6639,187664,18871
6648,187713,52140
6643,187680,22515
6652,187725,19311
6341,185405,22515
6642,187677,45342
6651,187721,46908
6496,186629,18871
6447,186450,53060
6517,186719,45342
6462,186492,45342
6468,186509,18871
6509,186684,49026
6461,186489,18871
6511,186689,49026
6521,186739,45342
6520,186732,16781
6551,186897,16781
6552,186915,16781
6533,186814,16781
6522,186748,37402
6532,186792,37402
6553,186926,16781
6555,186955,50780
6566,187108,11310
6567,187111,11310
6575,187415,37402
6573,187407,18871
6583,187445,54689
6600,187500,43316
6605,187515,37402
6598,187493,45342
6616,187559,37402
6614,187552,37402
6612,187540,43427
6609,187527,18871
6589,187461,53052
6654,187730,30836
6657,187738,30836
6661,187755,30836
6562,187053,16231
6659,187741,43316
6658,187739,44742
6561,187001,19311
6563,187079,51496
6666,187779,30836
6588,187458,22515
6604,187514,22515
6664,187768,46908
6665,187773,30836
6670,187791,37402
6668,187786,20282
6682,187847,44742
6679,187842,43385
6684,187857,20282
6691,187908,20282
6687,187869,20282
6699,187951,16231
6711,188039,18871
6704,187997,49026
6706,188005,49026
6700,187970,20282
6708,188014,16781
6713,188045,20773
6716,188051,20282
6712,188044,16781
6718,188058,16781
6720,188068,16781
6719,188062,16781
6726,188134,50780
6728,188146,16781
6723,188095,50780
6725,188097,50780
6724,188096,16781
6721,188091,16781
6484,186567,18871
6455,186469,18871
6490,186601,20282
6457,186475,20282
6572,187404,43316
6558,186967,43427
6622,187601,22515
5835,180401,44736
5899,181858,46913
4799,170779,46913
4758,170673,46913
3706,160477,45342
5192,176221,46913
4149,164156,46901
2882,153112,16781
6692,187916,47070
4246,165153,47067
6196,184777,44736
6265,185056,16231
6418,186347,19311
3845,161505,47067
5774,180169,53052
3969,162939,46913
6585,187448,43316
6227,184889,53052
6319,185264,50780
6541,186859,50780
6540,186858,50780
5298,177141,50780
5268,177075,50780
4604,169049,16231
6126,183697,18871
5030,174411,44742
5182,176184,47067
5724,180019,46908
4136,164072,46913
5834,180397,52138
5742,180083,43385
4985,173580,52140
4986,173581,52140
5710,179940,46908
